OrderID,SkuID,Quantity
Order0,Sku47,2
Order1,Sku34,3
Order1,Sku20,2
Order2,Sku32,3
Order2,Sku5,2
Order2,Sku26,4
Order3,Sku26,4
Order3,Sku34,4
Order4,Sku27,3
Order5,Sku28,2
Order5,Sku31,4
Order6,Sku21,2
Order6,Sku2,3
Order6,Sku10,1
Order7,Sku36,1
Order7,Sku18,3
Order7,Sku40,4
Order8,Sku19,4
Order8,Sku35,1
Order8,Sku36,1
Order9,Sku28,3
Order9,Sku30,4
Order10,Sku27,1
Order10,Sku16,1
Order11,Sku25,2
Order11,Sku48,1
Order12,Sku28,3
Order12,Sku42,4
Order12,Sku45,4
Order13,Sku30,2
Order13,Sku42,3
Order13,Sku26,4
Order14,Sku46,1
Order14,Sku1,2
Order14,Sku28,4
Order15,Sku4,3
Order16,Sku24,2
Order17,Sku10,1
Order17,Sku4,1
Order17,Sku22,3
Order18,Sku39,1
Order19,Sku13,4
Order20,Sku41,2
Order21,Sku44,3
Order21,Sku28,1
Order22,Sku20,2
Order22,Sku26,1
Order22,Sku44,4
Order23,Sku45,4
Order24,Sku33,4
Order24,Sku37,4
Order24,Sku2,3
Order25,Sku45,2
Order25,Sku38,2
Order25,Sku6,4
Order26,Sku41,1
Order26,Sku28,1
Order27,Sku41,3
Order27,Sku7,1
Order28,Sku26,4
Order28,Sku15,3
Order28,Sku1,2
Order29,Sku10,4
Order29,Sku11,4
Order30,Sku6,4
Order31,Sku31,1
Order31,Sku48,4
Order32,Sku16,3
Order32,Sku15,4
Order33,Sku3,1
Order33,Sku40,1
Order33,Sku30,2
Order34,Sku8,4
Order34,Sku48,4
Order35,Sku1,3
Order35,Sku2,4
Order36,Sku9,3
Order36,Sku38,3
Order37,Sku35,3
Order38,Sku32,4
Order38,Sku26,2
Order38,Sku25,2
Order39,Sku35,1
Order40,Sku30,3
Order40,Sku36,3
Order41,Sku27,2
Order41,Sku13,1
Order41,Sku39,3
Order42,Sku34,2
Order43,Sku9,4
Order43,Sku21,2
Order44,Sku12,4
Order44,Sku47,2
Order44,Sku37,4
Order45,Sku37,3
Order45,Sku24,1
Order45,Sku0,4
Order46,Sku14,1
Order46,Sku19,1
Order47,Sku32,1
Order48,Sku13,4
Order48,Sku41,2
Order49,Sku30,1
Order49,Sku5,4
Order50,Sku20,3
Order50,Sku44,4
Order51,Sku17,3
Order51,Sku48,4
Order52,Sku18,4
Order53,Sku38,1
Order54,Sku29,3
Order55,Sku20,2
Order56,Sku6,4
Order56,Sku48,1
Order57,Sku31,1
Order57,Sku29,2
Order58,Sku47,3
Order59,Sku43,3
Order59,Sku23,1
Order59,Sku11,1
Order60,Sku15,1
Order60,Sku9,3
Order60,Sku21,1
Order61,Sku10,1
Order62,Sku14,4
Order62,Sku20,2
Order62,Sku25,2
Order63,Sku24,3
Order63,Sku22,3
Order64,Sku2,4
Order65,Sku42,4
Order66,Sku48,1
Order66,Sku8,4
Order66,Sku4,4
Order67,Sku26,1
Order67,Sku18,1
Order68,Sku31,2
Order68,Sku8,2
Order68,Sku33,1
Order69,Sku10,4
Order70,Sku37,2
Order70,Sku35,4
Order71,Sku1,1
Order72,Sku9,1
Order72,Sku49,2
Order73,Sku6,4
Order73,Sku13,4
Order73,Sku32,2
Order74,Sku27,1
Order75,Sku8,3
Order75,Sku0,3
Order75,Sku41,4
Order76,Sku4,4
Order76,Sku0,1
Order76,Sku42,1
Order77,Sku2,4
Order77,Sku48,2
Order78,Sku13,2
Order79,Sku40,2
Order80,Sku12,4
Order80,Sku45,4
Order80,Sku34,2
Order81,Sku6,4
Order81,Sku10,1
Order82,Sku36,2
Order82,Sku5,3
Order82,Sku18,2
Order83,Sku26,4
Order83,Sku36,3
Order83,Sku45,2
Order84,Sku47,4
Order85,Sku34,4
Order85,Sku49,2
Order86,Sku8,2
Order87,Sku13,2
Order87,Sku29,2
Order88,Sku22,1
Order89,Sku6,2
Order90,Sku8,4
Order91,Sku41,1
Order92,Sku29,2
Order92,Sku30,2
Order92,Sku26,4
Order93,Sku30,1
Order93,Sku42,1
Order93,Sku48,1
Order94,Sku36,3
Order95,Sku5,4
Order95,Sku36,1
Order96,Sku16,3
Order96,Sku18,2
Order96,Sku24,2
Order97,Sku47,1
Order98,Sku17,3
Order99,Sku9,2
Order99,Sku12,3
Order100,Sku9,1
Order101,Sku44,2
Order101,Sku15,2
Order101,Sku49,1
Order102,Sku26,4
Order102,Sku33,4
Order102,Sku22,3
Order103,Sku21,4
Order104,Sku47,3
Order104,Sku20,3
Order105,Sku3,1
Order105,Sku19,2
Order105,Sku38,4
Order106,Sku37,4
Order106,Sku41,3
Order106,Sku1,3
Order107,Sku42,4
Order107,Sku22,3
Order108,Sku27,2
Order108,Sku32,2
Order108,Sku9,2
Order109,Sku1,1
Order110,Sku45,3
Order110,Sku30,3
Order111,Sku1,3
Order111,Sku37,3
Order112,Sku39,1
Order112,Sku7,4
Order113,Sku40,4
Order113,Sku1,2
Order113,Sku23,4
Order114,Sku40,1
Order114,Sku41,1
Order114,Sku31,2
Order115,Sku1,1
Order116,Sku7,4
Order116,Sku4,1
Order117,Sku21,4
Order117,Sku49,1
Order117,Sku44,1
Order118,Sku38,2
Order118,Sku39,2
Order119,Sku3,2
Order119,Sku6,3
Order120,Sku20,4
Order120,Sku32,3
Order121,Sku9,4
Order121,Sku6,3
Order122,Sku49,1
Order123,Sku25,2
Order123,Sku28,3
Order124,Sku7,4
Order125,Sku1,4
Order125,Sku46,3
Order126,Sku39,1
Order127,Sku38,2
Order128,Sku44,4
Order128,Sku14,4
Order129,Sku27,3
Order129,Sku26,2
Order129,Sku25,3
Order130,Sku14,4
Order130,Sku49,1
Order131,Sku49,3
Order132,Sku36,3
Order132,Sku2,4
Order133,Sku18,4
Order133,Sku11,4
Order133,Sku19,4
Order134,Sku22,1
Order135,Sku40,1
Order135,Sku19,2
Order135,Sku21,4
Order136,Sku8,1
Order137,Sku14,1
Order137,Sku0,1
Order138,Sku16,1
Order138,Sku28,1
Order139,Sku19,2
Order140,Sku24,3
Order141,Sku26,1
Order141,Sku24,2
Order141,Sku25,4
Order142,Sku18,3
Order142,Sku44,2
Order143,Sku25,2
Order144,Sku49,2
Order145,Sku5,1
Order145,Sku30,3
Order145,Sku46,4
Order146,Sku28,3
Order146,Sku32,1
Order146,Sku11,2
Order147,Sku27,4
Order147,Sku21,2
Order147,Sku0,2
Order148,Sku35,2
Order149,Sku2,4
Order149,Sku19,4
Order149,Sku38,4
Order150,Sku40,1
Order150,Sku2,2
Order150,Sku19,2
Order151,Sku6,1
Order151,Sku22,1
Order152,Sku2,2
Order152,Sku43,1
Order152,Sku18,3
Order153,Sku34,4
Order154,Sku42,1
Order154,Sku41,4
Order154,Sku34,4
Order155,Sku7,2
Order155,Sku13,4
Order155,Sku12,1
Order156,Sku26,1
Order156,Sku31,3
Order157,Sku8,3
Order158,Sku29,3
Order158,Sku40,4
Order159,Sku10,4
Order159,Sku33,2
Order160,Sku47,1
Order160,Sku24,1
Order160,Sku32,3
Order161,Sku10,2
Order162,Sku48,3
Order162,Sku41,4
Order162,Sku19,4
Order163,Sku22,3
Order163,Sku8,2
Order164,Sku41,3
Order164,Sku43,1
Order165,Sku2,4
Order165,Sku22,3
Order165,Sku16,2
Order166,Sku48,4
Order166,Sku15,2
Order166,Sku21,1
Order167,Sku9,4
Order168,Sku7,1
Order168,Sku45,1
Order169,Sku22,3
Order170,Sku6,3
Order170,Sku42,4
Order170,Sku31,1
Order171,Sku29,1
Order172,Sku34,3
Order172,Sku11,4
Order172,Sku37,2
Order173,Sku38,1
Order174,Sku0,2
Order174,Sku22,1
Order175,Sku19,3
Order176,Sku15,2
Order177,Sku43,2
Order177,Sku23,3
Order178,Sku28,2
Order178,Sku3,3
Order178,Sku1,3
Order179,Sku45,1
Order179,Sku16,3
Order179,Sku7,1
Order180,Sku30,2
Order180,Sku37,2
Order180,Sku20,3
Order181,Sku6,1
Order181,Sku25,3
Order182,Sku6,3
Order183,Sku8,1
Order184,Sku0,3
Order184,Sku9,3
Order185,Sku37,3
Order185,Sku15,2
Order185,Sku25,4
Order186,Sku36,1
Order187,Sku15,4
Order187,Sku26,2
Order187,Sku39,1
Order188,Sku18,3
Order188,Sku26,1
Order189,Sku35,4
Order190,Sku37,2
Order190,Sku39,3
Order191,Sku17,3
Order191,Sku38,4
Order192,Sku46,4
Order193,Sku10,4
Order193,Sku19,1
Order193,Sku35,2
Order194,Sku17,2
Order194,Sku30,4
Order194,Sku8,2
Order195,Sku6,4
Order196,Sku28,4
Order197,Sku23,4
Order198,Sku24,2
Order198,Sku12,3
Order199,Sku23,4
Order200,Sku30,2
Order200,Sku45,2
Order200,Sku7,4
Order201,Sku30,1
Order201,Sku29,4
Order201,Sku47,1
Order202,Sku13,1
Order202,Sku39,4
Order203,Sku16,1
Order204,Sku40,2
Order205,Sku45,1
Order206,Sku32,1
Order207,Sku19,4
Order207,Sku18,3
Order208,Sku44,2
Order208,Sku10,2
Order209,Sku40,2
Order209,Sku31,4
Order210,Sku17,3
Order210,Sku5,2
Order210,Sku40,3
Order211,Sku0,3
Order212,Sku36,2
Order212,Sku41,1
Order213,Sku9,1
Order214,Sku21,3
Order215,Sku7,2
Order215,Sku33,1
Order215,Sku34,1
Order216,Sku32,3
Order217,Sku0,3
Order217,Sku28,2
Order218,Sku20,1
Order218,Sku7,3
Order218,Sku15,3
Order219,Sku29,2
Order220,Sku37,1
Order220,Sku16,3
Order220,Sku3,4
Order221,Sku23,4
Order221,Sku8,1
Order222,Sku20,1
Order223,Sku17,4
Order223,Sku37,4
Order223,Sku19,3
Order224,Sku22,3
Order225,Sku1,2
Order226,Sku20,4
Order226,Sku13,4
Order227,Sku2,3
Order227,Sku33,2
Order227,Sku7,2
Order228,Sku6,1
Order228,Sku8,4
Order228,Sku14,2
Order229,Sku27,3
Order229,Sku40,3
Order229,Sku14,1
Order230,Sku34,4
Order230,Sku49,4
Order230,Sku22,4
Order231,Sku36,2
Order232,Sku45,3
Order232,Sku14,2
Order233,Sku12,2
Order233,Sku36,1
Order234,Sku19,4
Order234,Sku41,3
Order235,Sku46,2
Order235,Sku28,3
Order235,Sku13,3
Order236,Sku21,3
Order236,Sku44,4
Order236,Sku7,2
Order237,Sku18,3
Order238,Sku3,2
Order238,Sku31,4
Order239,Sku5,1
Order239,Sku38,2
Order240,Sku30,3
Order240,Sku3,2
Order240,Sku48,3
Order241,Sku40,2
Order241,Sku44,1
Order242,Sku3,4
Order243,Sku28,1
Order243,Sku3,2
Order244,Sku10,2
Order244,Sku33,3
Order245,Sku29,4
Order246,Sku13,4
Order247,Sku16,4
Order247,Sku3,4
Order248,Sku2,3
Order249,Sku23,2
Order250,Sku16,1
Order250,Sku9,1
Order250,Sku22,2
Order251,Sku29,1
Order252,Sku38,2
Order253,Sku6,3
Order254,Sku17,4
Order254,Sku11,3
Order255,Sku14,3
Order255,Sku42,2
Order256,Sku18,3
Order256,Sku16,4
Order257,Sku14,1
Order257,Sku18,3
Order258,Sku41,3
Order258,Sku5,2
Order258,Sku25,1
Order259,Sku11,2
Order259,Sku35,1
Order259,Sku5,3
Order260,Sku8,3
Order260,Sku49,2
Order260,Sku41,1
Order261,Sku4,1
Order261,Sku47,4
Order262,Sku3,4
Order263,Sku13,3
Order263,Sku0,4
Order264,Sku32,1
Order265,Sku40,3
Order265,Sku49,2
Order266,Sku32,4
Order266,Sku20,2
Order266,Sku22,3
Order267,Sku1,3
Order267,Sku25,2
Order268,Sku32,2
Order269,Sku39,1
Order269,Sku30,1
Order269,Sku18,3
Order270,Sku3,3
Order270,Sku18,3
Order270,Sku33,2
Order271,Sku22,3
Order271,Sku10,4
Order271,Sku47,4
Order272,Sku20,4
Order273,Sku17,2
Order274,Sku26,4
Order274,Sku32,1
Order275,Sku40,2
Order275,Sku25,1
Order275,Sku44,2
Order276,Sku17,2
Order277,Sku11,2
Order277,Sku45,4
Order277,Sku33,3
Order278,Sku8,3
Order279,Sku42,1
Order279,Sku18,4
Order280,Sku42,2
Order280,Sku3,2
Order281,Sku24,1
Order282,Sku22,4
Order282,Sku5,2
Order283,Sku26,1
Order284,Sku28,2
Order284,Sku46,1
Order284,Sku7,3
Order285,Sku1,3
Order285,Sku34,1
Order286,Sku15,4
Order286,Sku44,3
Order286,Sku0,3
Order287,Sku4,4
Order287,Sku32,2
Order288,Sku27,4
Order288,Sku16,3
Order289,Sku1,2
Order289,Sku21,1
Order289,Sku44,3
Order290,Sku33,1
Order291,Sku3,4
Order291,Sku38,1
Order291,Sku39,2
Order292,Sku3,4
Order292,Sku10,4
Order293,Sku38,3
Order294,Sku38,4
Order294,Sku37,2
Order295,Sku47,1
Order295,Sku22,1
Order296,Sku13,4
Order297,Sku3,1
Order297,Sku44,3
Order298,Sku11,3
Order299,Sku9,1
Order299,Sku12,2
Order299,Sku17,4
Order300,Sku19,4
Order300,Sku36,4
Order301,Sku15,3
Order302,Sku26,3
Order303,Sku43,2
Order304,Sku28,4
Order304,Sku39,1
Order304,Sku2,4
Order305,Sku49,3
Order305,Sku34,4
Order305,Sku0,1
Order306,Sku31,1
Order306,Sku7,2
Order306,Sku36,2
Order307,Sku15,3
Order308,Sku34,1
Order308,Sku2,1
Order309,Sku38,4
Order309,Sku36,3
Order310,Sku29,3
Order310,Sku37,2
Order310,Sku11,2
Order311,Sku42,2
Order311,Sku17,1
Order311,Sku25,1
Order312,Sku12,3
Order312,Sku46,3
Order313,Sku44,1
Order314,Sku28,4
Order314,Sku13,4
Order314,Sku6,1
Order315,Sku4,4
Order315,Sku47,1
Order316,Sku2,3
Order316,Sku36,2
Order316,Sku43,4
Order317,Sku41,3
Order318,Sku0,2
Order318,Sku37,1
Order319,Sku31,1
Order319,Sku44,1
Order320,Sku40,1
Order321,Sku46,3
Order321,Sku27,1
Order322,Sku42,4
Order322,Sku3,3
Order322,Sku44,2
Order323,Sku32,3
Order323,Sku17,1
Order324,Sku8,2
Order324,Sku13,2
Order325,Sku21,2
Order325,Sku39,1
Order326,Sku27,4
Order326,Sku14,1
Order327,Sku26,3
Order328,Sku1,2
Order328,Sku46,4
Order329,Sku6,2
Order330,Sku7,2
Order330,Sku8,1
Order331,Sku35,1
Order332,Sku41,1
Order332,Sku16,2
Order332,Sku25,2
Order333,Sku32,2
Order334,Sku28,3
Order334,Sku1,4
Order334,Sku26,4
Order335,Sku9,3
Order335,Sku35,2
Order335,Sku16,4
Order336,Sku21,1
Order336,Sku16,3
Order337,Sku47,1
Order337,Sku17,4
Order338,Sku33,1
Order338,Sku21,4
Order339,Sku10,1
Order340,Sku23,2
Order340,Sku13,2
Order340,Sku22,2
Order341,Sku44,2
Order342,Sku24,4
Order342,Sku29,4
Order343,Sku7,4
Order343,Sku42,2
Order343,Sku49,1
Order344,Sku23,1
Order344,Sku48,3
Order345,Sku15,2
Order345,Sku29,1
Order345,Sku17,4
Order346,Sku8,2
Order346,Sku28,4
Order346,Sku37,4
Order347,Sku34,2
Order348,Sku45,2
Order349,Sku21,2
Order349,Sku8,2
Order350,Sku2,2
Order350,Sku21,2
Order351,Sku44,4
Order351,Sku46,3
Order352,Sku26,1
Order352,Sku32,3
Order352,Sku20,1
Order353,Sku23,2
Order354,Sku39,4
Order354,Sku34,2
Order355,Sku28,3
Order356,Sku37,4
Order356,Sku42,4
Order356,Sku29,3
Order357,Sku4,4
Order357,Sku7,2
Order358,Sku3,2
Order358,Sku28,2
Order358,Sku49,3
Order359,Sku15,2
Order359,Sku37,4
Order359,Sku13,2
Order360,Sku32,4
Order360,Sku38,1
Order361,Sku12,2
Order362,Sku17,1
Order363,Sku38,3
Order363,Sku45,1
Order363,Sku35,3
Order364,Sku7,2
Order364,Sku44,2
Order364,Sku38,4
Order365,Sku6,2
Order366,Sku17,4
Order366,Sku12,4
Order367,Sku9,2
Order368,Sku17,3
Order369,Sku41,4
Order369,Sku11,4
Order369,Sku4,2
Order370,Sku25,4
Order371,Sku0,4
Order372,Sku17,2
Order373,Sku28,2
Order373,Sku10,2
Order373,Sku31,4
Order374,Sku19,2
Order374,Sku30,3
Order374,Sku49,4
Order375,Sku47,1
Order375,Sku17,3
Order376,Sku10,4
Order377,Sku44,4
Order378,Sku32,1
Order378,Sku37,2
Order379,Sku7,2
Order379,Sku43,2
Order379,Sku5,3
Order380,Sku46,4
Order380,Sku36,3
Order380,Sku45,2
Order381,Sku27,4
Order382,Sku14,4
Order383,Sku46,2
Order383,Sku49,3
Order383,Sku30,4
Order384,Sku35,4
Order384,Sku30,4
Order385,Sku36,1
Order385,Sku27,1
Order385,Sku8,3
Order386,Sku13,4
Order386,Sku44,1
Order386,Sku23,2
Order387,Sku3,4
Order387,Sku12,4
Order387,Sku24,2
Order388,Sku12,3
Order389,Sku46,1
Order389,Sku44,4
Order389,Sku42,1
Order390,Sku37,1
Order390,Sku40,4
Order391,Sku15,3
Order391,Sku4,3
Order391,Sku49,1
Order392,Sku14,1
Order393,Sku3,2
Order394,Sku18,2
Order395,Sku42,1
Order395,Sku5,3
Order395,Sku25,2
Order396,Sku29,4
Order396,Sku6,1
Order396,Sku14,3
Order397,Sku25,3
Order397,Sku10,4
Order398,Sku30,4
Order398,Sku32,4
Order399,Sku28,3
Order399,Sku39,4
Order400,Sku42,3
Order400,Sku0,2
Order401,Sku25,3
Order402,Sku30,1
Order403,Sku2,2
Order403,Sku49,4
Order404,Sku26,2
Order404,Sku7,4
Order405,Sku13,3
Order406,Sku48,1
Order406,Sku30,2
Order406,Sku5,3
Order407,Sku24,4
Order407,Sku9,1
Order408,Sku0,2
Order408,Sku33,4
Order409,Sku47,4
Order410,Sku18,3
Order410,Sku46,4
Order410,Sku10,3
Order411,Sku45,3
Order412,Sku37,4
Order412,Sku41,1
Order413,Sku29,1
Order413,Sku17,1
Order413,Sku35,2
Order414,Sku16,4
Order414,Sku43,3
Order415,Sku32,3
Order416,Sku0,1
Order416,Sku7,4
Order416,Sku44,4
Order417,Sku12,1
Order417,Sku38,3
Order418,Sku19,1
Order419,Sku29,2
Order420,Sku25,1
Order421,Sku36,4
Order421,Sku47,2
Order421,Sku13,4
Order422,Sku10,1
Order423,Sku28,3
Order423,Sku8,1
Order423,Sku49,4
Order424,Sku37,3
Order425,Sku29,2
Order426,Sku42,2
Order426,Sku16,2
Order426,Sku38,2
Order427,Sku34,3
Order427,Sku23,4
Order427,Sku30,2
Order428,Sku48,3
Order429,Sku44,2
Order430,Sku5,2
Order430,Sku3,3
Order431,Sku12,2
Order431,Sku24,4
Order431,Sku9,1
Order432,Sku1,2
Order433,Sku2,2
Order433,Sku16,2
Order433,Sku24,3
Order434,Sku8,1
Order434,Sku23,4
Order435,Sku43,4
Order436,Sku20,3
Order436,Sku36,1
Order437,Sku25,1
Order438,Sku10,1
Order438,Sku5,3
Order439,Sku38,2
Order439,Sku21,3
Order439,Sku22,2
Order440,Sku48,4
Order441,Sku38,2
Order441,Sku43,4
Order441,Sku3,2
Order442,Sku4,2
Order442,Sku39,1
Order442,Sku45,1
Order443,Sku21,2
Order443,Sku30,2
Order444,Sku24,3
Order444,Sku32,1
Order444,Sku42,3
Order445,Sku21,4
Order446,Sku48,2
Order446,Sku17,3
Order447,Sku23,4
Order447,Sku10,3
Order448,Sku45,3
Order449,Sku31,1
Order449,Sku47,1
Order450,Sku27,2
Order450,Sku33,1
Order450,Sku17,3
Order451,Sku10,3
Order451,Sku38,4
Order451,Sku30,3
Order452,Sku34,1
Order453,Sku49,3
Order453,Sku16,1
Order453,Sku10,1
Order454,Sku46,4
Order454,Sku20,4
Order454,Sku9,4
Order455,Sku12,3
Order455,Sku22,3
Order455,Sku21,3
Order456,Sku32,1
Order456,Sku5,3
Order457,Sku36,3
Order457,Sku46,4
Order458,Sku11,3
Order458,Sku48,4
Order458,Sku38,4
Order459,Sku22,4
Order459,Sku5,2
Order459,Sku36,1
Order460,Sku19,1
Order460,Sku9,1
Order460,Sku36,3
Order461,Sku22,2
Order462,Sku29,1
Order462,Sku23,4
Order462,Sku13,1
Order463,Sku1,3
Order463,Sku48,1
Order464,Sku17,1
Order464,Sku5,2
Order464,Sku42,3
Order465,Sku28,1
Order466,Sku34,3
Order466,Sku46,1
Order466,Sku25,3
Order467,Sku33,3
Order468,Sku13,3
Order469,Sku2,3
Order469,Sku18,2
Order469,Sku46,2
Order470,Sku26,2
Order470,Sku28,3
Order470,Sku22,1
Order471,Sku6,1
Order471,Sku8,4
Order471,Sku17,3
Order472,Sku21,4
Order472,Sku13,4
Order472,Sku37,1
Order473,Sku36,3
Order473,Sku29,2
Order473,Sku12,2
Order474,Sku12,3
Order475,Sku45,2
Order475,Sku7,3
Order476,Sku6,4
Order476,Sku26,3
Order477,Sku14,4
Order477,Sku38,4
Order478,Sku4,2
Order478,Sku11,3
Order479,Sku16,4
Order479,Sku3,4
Order479,Sku2,1
Order480,Sku31,2
Order481,Sku24,2
Order481,Sku25,4
Order481,Sku14,2
Order482,Sku38,1
Order482,Sku26,4
Order483,Sku8,1
Order483,Sku26,3
Order484,Sku44,4
Order485,Sku49,4
Order486,Sku35,1
Order486,Sku28,1
Order487,Sku47,4
Order488,Sku12,4
Order489,Sku1,3
Order490,Sku20,4
Order490,Sku43,4
Order490,Sku47,2
Order491,Sku11,4
Order491,Sku24,3
Order492,Sku7,4
Order492,Sku23,1
Order493,Sku27,2
Order494,Sku33,1
Order494,Sku2,4
Order495,Sku37,2
Order496,Sku23,2
Order497,Sku15,1
Order498,Sku48,2
Order498,Sku2,4
Order498,Sku38,2
Order499,Sku12,3
Order500,Sku19,2
Order500,Sku26,4
Order500,Sku21,4
Order501,Sku18,3
Order501,Sku32,3
Order502,Sku30,2
Order502,Sku16,2
Order502,Sku7,4
Order503,Sku39,3
Order504,Sku8,3
Order505,Sku1,2
Order506,Sku2,2
Order506,Sku5,4
Order507,Sku48,3
Order507,Sku24,4
Order507,Sku4,2
Order508,Sku14,2
Order508,Sku15,3
Order508,Sku19,1
Order509,Sku35,3
Order509,Sku15,3
Order509,Sku22,2
Order510,Sku36,1
Order510,Sku0,1
Order510,Sku44,1
Order511,Sku44,3
Order512,Sku1,3
Order513,Sku32,4
Order513,Sku7,2
Order514,Sku0,3
Order515,Sku2,2
Order515,Sku20,3
Order515,Sku1,2
Order516,Sku7,3
Order516,Sku4,4
Order516,Sku46,4
Order517,Sku25,4
Order517,Sku31,2
Order518,Sku49,4
Order519,Sku27,3
Order519,Sku36,3
Order519,Sku39,2
Order520,Sku24,4
Order520,Sku26,1
Order520,Sku19,2
Order521,Sku39,1
Order521,Sku48,1
Order521,Sku41,1
Order522,Sku1,3
Order522,Sku36,4
Order523,Sku44,1
Order523,Sku6,4
Order523,Sku35,4
Order524,Sku20,2
Order525,Sku47,1
Order525,Sku4,4
Order526,Sku20,4
Order527,Sku42,3
Order528,Sku48,2
Order528,Sku0,2
Order528,Sku32,1
Order529,Sku46,2
Order529,Sku44,2
Order530,Sku26,3
Order530,Sku23,4
Order531,Sku35,3
Order531,Sku26,3
Order532,Sku7,3
Order533,Sku26,4
Order534,Sku14,1
Order534,Sku15,4
Order535,Sku25,2
Order536,Sku16,3
Order536,Sku6,3
Order537,Sku20,4
Order537,Sku22,3
Order537,Sku46,2
Order538,Sku41,4
Order538,Sku15,4
Order538,Sku19,4
Order539,Sku37,1
Order539,Sku26,2
Order539,Sku33,2
Order540,Sku0,3
Order540,Sku12,4
Order540,Sku34,1
Order541,Sku19,3
Order542,Sku38,4
Order542,Sku17,2
Order543,Sku24,4
Order543,Sku49,2
Order544,Sku39,3
Order545,Sku23,4
Order545,Sku38,1
Order546,Sku37,1
Order546,Sku18,2
Order546,Sku17,2
Order547,Sku22,3
Order547,Sku32,2
Order548,Sku39,4
Order548,Sku9,2
Order548,Sku32,3
Order549,Sku23,4
Order549,Sku18,2
Order550,Sku31,3
Order551,Sku45,4
Order551,Sku23,4
Order551,Sku35,1
Order552,Sku13,4
Order552,Sku28,4
Order553,Sku9,1
Order553,Sku49,3
Order554,Sku29,4
Order554,Sku14,3
Order554,Sku25,3
Order555,Sku11,3
Order556,Sku44,1
Order557,Sku26,1
Order557,Sku27,1
Order558,Sku43,1
Order558,Sku4,2
Order559,Sku49,3
Order559,Sku47,3
Order560,Sku45,2
Order560,Sku41,1
Order560,Sku43,3
Order561,Sku25,3
Order561,Sku34,1
Order561,Sku39,1
Order562,Sku38,3
Order563,Sku49,2
Order563,Sku6,2
Order563,Sku46,4
Order564,Sku16,1
Order564,Sku18,4
Order564,Sku8,1
Order565,Sku46,3
Order565,Sku2,1
Order565,Sku29,4
Order566,Sku47,4
Order566,Sku29,2
Order567,Sku47,3
Order568,Sku27,4
Order568,Sku15,4
Order568,Sku0,3
Order569,Sku27,4
Order570,Sku38,1
Order571,Sku34,3
Order571,Sku25,4
Order572,Sku33,4
Order572,Sku0,3
Order572,Sku38,4
Order573,Sku15,1
Order574,Sku38,3
Order574,Sku5,2
Order575,Sku19,2
Order576,Sku20,4
Order576,Sku43,2
Order577,Sku36,4
Order577,Sku27,2
Order578,Sku43,1
Order578,Sku29,1
Order579,Sku44,3
Order579,Sku23,2
Order579,Sku10,3
Order580,Sku7,2
Order580,Sku37,3
Order581,Sku40,4
Order581,Sku13,2
Order581,Sku21,4
Order582,Sku13,3
Order582,Sku5,1
Order582,Sku25,2
Order583,Sku4,2
Order583,Sku3,2
Order583,Sku48,4
Order584,Sku48,1
Order584,Sku26,1
Order584,Sku11,1
Order585,Sku5,4
Order586,Sku29,3
Order586,Sku16,1
Order587,Sku35,2
Order587,Sku44,3
Order588,Sku24,1
Order588,Sku29,1
Order588,Sku1,3
Order589,Sku47,1
Order589,Sku33,4
Order589,Sku34,3
Order590,Sku15,2
Order590,Sku10,2
Order590,Sku14,1
Order591,Sku6,1
Order591,Sku31,2
Order592,Sku18,4
Order593,Sku1,1
Order594,Sku49,1
Order595,Sku13,3
Order596,Sku36,1
Order596,Sku37,3
Order597,Sku4,1
Order597,Sku42,1
Order597,Sku28,3
Order598,Sku36,3
Order598,Sku27,2
Order599,Sku32,4
Order600,Sku0,2
Order600,Sku48,3
Order600,Sku19,3
Order601,Sku12,3
Order601,Sku35,4
Order601,Sku3,4
Order602,Sku5,2
Order602,Sku6,1
Order603,Sku43,3
Order603,Sku33,2
Order604,Sku18,4
Order605,Sku40,4
Order605,Sku47,1
Order605,Sku37,4
Order606,Sku43,4
Order607,Sku7,3
Order607,Sku37,4
Order608,Sku46,4
Order608,Sku15,1
Order608,Sku14,4
Order609,Sku33,3
Order610,Sku30,2
Order610,Sku4,4
Order610,Sku34,3
Order611,Sku29,3
Order612,Sku36,4
Order612,Sku45,3
Order613,Sku43,2
Order614,Sku24,2
Order614,Sku36,1
Order615,Sku20,1
Order615,Sku24,4
Order616,Sku20,4
Order616,Sku21,4
Order617,Sku8,4
Order617,Sku46,2
Order618,Sku22,1
Order619,Sku13,3
Order620,Sku32,2
Order620,Sku43,1
Order620,Sku14,1
Order621,Sku38,3
Order621,Sku47,3
Order621,Sku31,4
Order622,Sku18,1
Order622,Sku41,2
Order622,Sku11,3
Order623,Sku35,4
Order623,Sku45,3
Order624,Sku1,3
Order625,Sku15,3
Order626,Sku38,1
Order627,Sku5,1
Order628,Sku21,3
Order629,Sku43,3
Order629,Sku0,3
Order629,Sku5,4
Order630,Sku19,1
Order630,Sku3,4
Order631,Sku14,3
Order631,Sku30,3
Order632,Sku27,1
Order632,Sku23,1
Order632,Sku6,3
Order633,Sku37,4
Order633,Sku12,1
Order633,Sku13,1
Order634,Sku45,2
Order634,Sku39,3
Order635,Sku5,1
Order635,Sku36,4
Order636,Sku16,2
Order636,Sku27,4
Order637,Sku24,3
Order637,Sku1,3
Order638,Sku6,4
Order639,Sku17,2
Order640,Sku13,2
Order640,Sku5,3
Order641,Sku44,2
Order641,Sku2,1
Order642,Sku21,3
Order642,Sku33,1
Order643,Sku34,2
Order643,Sku25,4
Order644,Sku21,4
Order645,Sku16,2
Order645,Sku27,2
Order646,Sku27,4
Order647,Sku7,2
Order647,Sku49,1
Order648,Sku9,1
Order648,Sku11,1
Order649,Sku1,3
Order649,Sku32,2
Order649,Sku40,3
Order650,Sku9,3
Order651,Sku36,4
Order651,Sku13,4
Order651,Sku39,4
Order652,Sku4,4
Order652,Sku26,1
Order652,Sku21,3
Order653,Sku46,3
Order653,Sku14,2
Order654,Sku29,3
Order654,Sku32,4
Order654,Sku41,1
Order655,Sku48,2
Order655,Sku18,3
Order655,Sku4,2
Order656,Sku48,4
Order656,Sku16,4
Order657,Sku34,3
Order657,Sku38,2
Order657,Sku36,2
Order658,Sku12,4
Order658,Sku16,4
Order658,Sku42,3
Order659,Sku39,3
Order660,Sku34,1
Order661,Sku46,3
Order661,Sku29,4
Order662,Sku33,3
Order662,Sku15,1
Order662,Sku35,2
Order663,Sku37,3
Order664,Sku20,4
Order664,Sku6,1
Order664,Sku41,1
Order665,Sku45,4
Order665,Sku18,4
Order665,Sku33,4
Order666,Sku40,1
Order666,Sku38,3
Order666,Sku28,2
Order667,Sku26,1
Order667,Sku7,3
Order668,Sku31,1
Order669,Sku29,1
Order669,Sku13,4
Order670,Sku5,1
Order670,Sku23,3
Order670,Sku25,4
Order671,Sku15,3
Order672,Sku4,2
Order673,Sku28,3
Order674,Sku14,1
Order675,Sku17,2
Order675,Sku42,3
Order676,Sku40,1
Order676,Sku9,3
Order676,Sku46,4
Order677,Sku47,1
Order678,Sku49,1
Order679,Sku25,3
Order679,Sku11,2
Order680,Sku19,2
Order681,Sku25,4
Order682,Sku35,3
Order682,Sku5,3
Order682,Sku47,3
Order683,Sku29,3
Order683,Sku31,3
Order683,Sku26,4
Order684,Sku12,2
Order684,Sku37,1
Order685,Sku11,1
Order686,Sku14,4
Order687,Sku48,3
Order688,Sku5,1
Order689,Sku5,3
Order690,Sku34,1
Order691,Sku18,3
Order691,Sku49,4
Order692,Sku41,4
Order692,Sku24,1
Order693,Sku10,3
Order694,Sku0,2
Order694,Sku20,3
Order694,Sku43,4
Order695,Sku35,4
Order695,Sku0,3
Order696,Sku29,3
Order697,Sku28,3
Order698,Sku29,1
Order699,Sku26,4
Order699,Sku21,3
Order699,Sku19,2
Order700,Sku19,3
Order700,Sku39,4
Order700,Sku7,2
Order701,Sku21,4
Order701,Sku28,4
Order702,Sku8,3
Order703,Sku41,3
Order704,Sku39,1
Order704,Sku37,3
Order704,Sku36,1
Order705,Sku13,3
Order705,Sku1,1
Order706,Sku13,4
Order707,Sku3,3
Order707,Sku14,1
Order708,Sku39,2
Order708,Sku2,4
Order709,Sku28,1
Order710,Sku24,4
Order711,Sku5,2
Order711,Sku18,1
Order711,Sku40,3
Order712,Sku31,4
Order712,Sku43,2
Order713,Sku31,3
Order713,Sku25,1
Order714,Sku42,2
Order714,Sku29,4
Order715,Sku36,4
Order715,Sku49,4
Order715,Sku27,1
Order716,Sku47,3
Order716,Sku13,4
Order716,Sku24,2
Order717,Sku1,3
Order718,Sku48,1
Order718,Sku25,1
Order719,Sku22,4
Order719,Sku14,1
Order720,Sku6,4
Order720,Sku44,4
Order721,Sku14,4
Order721,Sku31,3
Order722,Sku11,3
Order723,Sku17,2
Order723,Sku41,2
Order724,Sku21,4
Order724,Sku0,3
Order725,Sku3,4
Order726,Sku17,4
Order726,Sku15,3
Order727,Sku46,2
Order727,Sku19,1
Order727,Sku10,2
Order728,Sku36,1
Order728,Sku46,3
Order728,Sku4,2
Order729,Sku47,2
Order729,Sku15,4
Order730,Sku6,3
Order731,Sku23,3
Order732,Sku35,2
Order732,Sku21,3
Order733,Sku44,3
Order733,Sku2,1
Order734,Sku23,3
Order734,Sku16,1
Order734,Sku14,1
Order735,Sku40,2
Order735,Sku7,1
Order735,Sku44,4
Order736,Sku24,1
Order736,Sku26,2
Order737,Sku10,4
Order737,Sku13,2
Order738,Sku37,2
Order739,Sku27,1
Order739,Sku14,3
Order739,Sku31,2
Order740,Sku6,4
Order740,Sku24,2
Order740,Sku43,3
Order741,Sku32,2
Order741,Sku16,4
Order741,Sku39,1
Order742,Sku25,3
Order743,Sku3,4
Order743,Sku12,3
Order744,Sku39,1
Order745,Sku21,4
Order745,Sku20,4
Order746,Sku8,1
Order746,Sku7,4
Order746,Sku47,4
Order747,Sku12,4
Order747,Sku24,1
Order747,Sku25,2
Order748,Sku27,2
Order748,Sku23,4
Order749,Sku4,3
Order750,Sku49,2
Order750,Sku34,1
Order751,Sku31,3
Order751,Sku24,1
Order752,Sku5,3
Order752,Sku22,2
Order753,Sku47,4
Order754,Sku27,3
Order755,Sku11,1
Order755,Sku9,1
Order756,Sku32,3
Order756,Sku44,4
Order757,Sku17,4
Order757,Sku28,4
Order758,Sku33,4
Order758,Sku27,4
Order759,Sku5,1
Order759,Sku49,4
Order760,Sku27,4
Order760,Sku48,2
Order760,Sku44,3
Order761,Sku15,4
Order761,Sku31,4
Order762,Sku40,2
Order763,Sku33,4
Order764,Sku11,1
Order764,Sku3,1
Order765,Sku8,3
Order765,Sku12,1
Order766,Sku34,1
Order766,Sku22,3
Order766,Sku36,2
Order767,Sku27,2
Order767,Sku1,1
Order767,Sku28,4
Order768,Sku8,1
Order768,Sku22,3
Order769,Sku16,4
Order769,Sku43,1
Order769,Sku32,1
Order770,Sku16,2
Order771,Sku43,3
Order771,Sku42,1
Order772,Sku38,3
Order773,Sku35,1
Order774,Sku0,3
Order775,Sku20,4
Order776,Sku42,2
Order777,Sku5,4
Order777,Sku26,2
Order778,Sku9,1
Order778,Sku1,1
Order779,Sku32,4
Order779,Sku38,1
Order780,Sku26,4
Order781,Sku9,4
Order781,Sku11,4
Order781,Sku26,1
Order782,Sku6,4
Order782,Sku12,3
Order783,Sku18,3
Order783,Sku5,3
Order784,Sku47,2
Order784,Sku13,4
Order785,Sku10,2
Order786,Sku22,1
Order786,Sku38,2
Order787,Sku6,3
Order787,Sku27,4
Order788,Sku17,3
Order788,Sku25,4
Order789,Sku49,4
Order790,Sku11,1
Order790,Sku2,4
Order790,Sku17,1
Order791,Sku10,2
Order792,Sku31,2
Order792,Sku7,1
Order793,Sku15,3
Order793,Sku49,3
Order794,Sku49,2
Order795,Sku5,4
Order795,Sku22,1
Order796,Sku47,3
Order796,Sku25,2
Order796,Sku28,2
Order797,Sku40,1
Order798,Sku1,3
Order798,Sku31,1
Order798,Sku7,3
Order799,Sku3,2
Order799,Sku29,1
Order799,Sku37,2
Order800,Sku20,4
Order801,Sku17,3
Order801,Sku2,1
Order801,Sku9,2
Order802,Sku44,3
Order803,Sku46,1
Order804,Sku35,1
Order804,Sku0,2
Order804,Sku47,2
Order805,Sku9,3
Order805,Sku29,2
Order805,Sku21,4
Order806,Sku10,4
Order806,Sku45,2
Order807,Sku18,4
Order807,Sku6,4
Order808,Sku24,1
Order809,Sku20,2
Order809,Sku2,3
Order810,Sku48,1
Order810,Sku35,3
Order810,Sku8,4
Order811,Sku49,3
Order812,Sku2,1
Order812,Sku37,2
Order812,Sku39,3
Order813,Sku31,2
Order813,Sku48,3
Order814,Sku16,4
Order815,Sku44,1
Order815,Sku39,2
Order816,Sku42,4
Order817,Sku4,3
Order817,Sku36,3
Order817,Sku14,3
Order818,Sku25,2
Order818,Sku22,3
Order818,Sku3,1
Order819,Sku14,3
Order820,Sku10,1
Order820,Sku3,2
Order821,Sku17,2
Order822,Sku46,2
Order822,Sku37,3
Order822,Sku13,3
Order823,Sku33,4
Order823,Sku28,2
Order824,Sku5,1
Order824,Sku21,2
Order825,Sku1,1
Order825,Sku3,4
Order825,Sku48,4
Order826,Sku38,3
Order827,Sku43,3
Order828,Sku23,3
Order828,Sku1,3
Order829,Sku29,1
Order829,Sku42,2
Order830,Sku1,2
Order831,Sku12,1
Order831,Sku42,2
Order832,Sku48,2
Order832,Sku33,3
Order832,Sku18,2
Order833,Sku40,2
Order833,Sku20,3
Order834,Sku18,2
Order834,Sku3,4
Order835,Sku44,4
Order835,Sku36,3
Order836,Sku45,2
Order837,Sku39,3
Order838,Sku24,3
Order838,Sku19,1
Order838,Sku42,3
Order839,Sku30,2
Order840,Sku34,2
Order840,Sku31,1
Order841,Sku7,4
Order842,Sku35,2
Order842,Sku34,3
Order843,Sku6,3
Order844,Sku22,2
Order844,Sku13,4
Order845,Sku21,3
Order845,Sku48,2
Order846,Sku45,1
Order846,Sku13,4
Order847,Sku49,1
Order848,Sku0,3
Order848,Sku22,4
Order848,Sku43,4
Order849,Sku23,1
Order849,Sku40,2
Order850,Sku13,4
Order850,Sku23,2
Order850,Sku17,2
Order851,Sku47,1
Order852,Sku22,1
Order852,Sku49,2
Order852,Sku32,2
Order853,Sku21,4
Order854,Sku38,3
Order854,Sku32,1
Order855,Sku32,2
Order855,Sku5,1
Order855,Sku23,1
Order856,Sku48,2
Order856,Sku20,2
Order856,Sku40,3
Order857,Sku25,3
Order858,Sku27,4
Order858,Sku16,3
Order858,Sku42,1
Order859,Sku20,4
Order859,Sku29,3
Order859,Sku18,1
Order860,Sku27,2
Order861,Sku35,1
Order862,Sku39,3
Order863,Sku42,4
Order864,Sku30,4
Order864,Sku33,1
Order864,Sku39,2
Order865,Sku8,2
Order865,Sku49,4
Order866,Sku2,2
Order866,Sku13,3
Order867,Sku26,1
Order868,Sku38,2
Order868,Sku24,2
Order869,Sku49,3
Order869,Sku23,1
Order869,Sku41,3
Order870,Sku14,1
Order870,Sku12,4
Order871,Sku16,3
Order871,Sku48,3
Order872,Sku12,2
Order872,Sku27,2
Order872,Sku33,4
Order873,Sku5,4
Order874,Sku32,2
Order874,Sku12,4
Order874,Sku20,4
Order875,Sku11,1
Order876,Sku13,4
Order876,Sku49,3
Order877,Sku13,4
Order878,Sku10,4
Order878,Sku4,1
Order879,Sku22,2
Order879,Sku29,4
Order879,Sku35,4
Order880,Sku18,1
Order881,Sku39,3
Order881,Sku31,1
Order881,Sku11,2
Order882,Sku21,3
Order882,Sku48,1
Order882,Sku18,2
Order883,Sku18,2
Order884,Sku23,4
Order885,Sku26,1
Order885,Sku17,2
Order885,Sku46,4
Order886,Sku11,1
Order886,Sku47,2
Order886,Sku27,4
Order887,Sku25,1
Order887,Sku46,1
Order888,Sku14,4
Order889,Sku2,4
Order889,Sku42,3
Order890,Sku16,2
Order890,Sku4,3
Order890,Sku36,1
Order891,Sku23,1
Order892,Sku26,3
Order892,Sku9,1
Order892,Sku13,3
Order893,Sku29,1
Order894,Sku36,1
Order894,Sku2,1
Order895,Sku33,2
Order896,Sku32,1
Order896,Sku35,1
Order896,Sku23,2
Order897,Sku19,3
Order897,Sku46,1
Order898,Sku27,3
Order898,Sku44,2
Order898,Sku34,4
Order899,Sku47,4
Order899,Sku24,1
Order900,Sku22,4
Order900,Sku28,2
Order901,Sku21,4
Order901,Sku23,2
Order901,Sku40,2
Order902,Sku35,3
Order903,Sku35,4
Order904,Sku8,4
Order904,Sku21,3
Order904,Sku2,3
Order905,Sku28,2
Order905,Sku7,1
Order905,Sku15,2
Order906,Sku1,4
Order906,Sku4,3
Order906,Sku3,4
Order907,Sku45,2
Order907,Sku41,4
Order908,Sku2,3
Order909,Sku30,2
Order909,Sku4,3
Order909,Sku20,2
Order910,Sku32,4
Order910,Sku41,3
Order911,Sku9,3
Order911,Sku34,2
Order911,Sku27,1
Order912,Sku44,1
Order912,Sku12,4
Order912,Sku18,4
Order913,Sku37,3
Order914,Sku44,4
Order914,Sku36,2
Order914,Sku12,3
Order915,Sku18,2
Order915,Sku11,4
Order916,Sku9,3
Order916,Sku2,3
Order917,Sku6,2
Order918,Sku16,4
Order918,Sku31,1
Order919,Sku35,1
Order919,Sku29,2
Order920,Sku9,1
Order920,Sku39,4
Order921,Sku11,4
Order921,Sku47,1
Order922,Sku34,4
Order922,Sku19,4
Order923,Sku48,1
Order923,Sku42,1
Order923,Sku18,4
Order924,Sku19,1
Order925,Sku30,2
Order926,Sku21,3
Order926,Sku42,3
Order926,Sku45,1
Order927,Sku43,2
Order928,Sku34,3
Order928,Sku5,4
Order928,Sku8,4
Order929,Sku0,4
Order930,Sku17,2
Order931,Sku44,1
Order931,Sku13,2
Order931,Sku2,2
Order932,Sku24,3
Order932,Sku21,2
Order933,Sku22,3
Order934,Sku17,2
Order934,Sku41,1
Order935,Sku23,2
Order935,Sku18,2
Order935,Sku6,4
Order936,Sku23,1
Order936,Sku35,1
Order936,Sku10,1
Order937,Sku27,2
Order937,Sku49,1
Order937,Sku18,2
Order938,Sku2,3
Order939,Sku20,2
Order940,Sku21,3
Order940,Sku43,1
Order941,Sku20,3
Order942,Sku4,2
Order942,Sku36,4
Order942,Sku38,4
Order943,Sku10,1
Order943,Sku5,3
Order944,Sku44,3
Order945,Sku38,1
Order945,Sku44,2
Order945,Sku46,4
Order946,Sku41,2
Order946,Sku34,1
Order947,Sku32,1
Order947,Sku16,1
Order948,Sku6,2
Order949,Sku32,2
Order949,Sku31,1
Order950,Sku24,1
Order950,Sku21,4
Order950,Sku37,4
Order951,Sku43,2
Order951,Sku2,2
Order952,Sku2,1
Order952,Sku38,1
Order952,Sku22,4
Order953,Sku11,4
Order954,Sku17,4
Order955,Sku41,2
Order956,Sku4,1
Order956,Sku3,2
Order956,Sku25,1
Order957,Sku11,3
Order958,Sku32,4
Order958,Sku19,2
Order959,Sku13,1
Order959,Sku39,3
Order959,Sku42,3
Order960,Sku28,2
Order961,Sku47,1
Order961,Sku45,2
Order961,Sku29,3
Order962,Sku30,1
Order963,Sku48,2
Order963,Sku37,3
Order963,Sku13,2
Order964,Sku41,2
Order964,Sku35,4
Order964,Sku12,1
Order965,Sku7,4
Order965,Sku42,1
Order965,Sku37,3
Order966,Sku29,4
Order967,Sku40,3
Order968,Sku45,4
Order969,Sku34,3
Order969,Sku42,1
Order970,Sku38,3
Order970,Sku14,2
Order971,Sku39,3
Order971,Sku6,3
Order972,Sku44,1
Order972,Sku21,2
Order973,Sku13,2
Order973,Sku9,3
Order974,Sku14,4
Order974,Sku27,2
Order975,Sku37,4
Order975,Sku1,2
Order976,Sku11,4
Order976,Sku21,1
Order976,Sku32,2
Order977,Sku33,4
Order978,Sku49,1
Order979,Sku49,4
Order980,Sku47,4
Order980,Sku17,2
Order981,Sku39,4
Order981,Sku30,3
Order982,Sku30,2
Order982,Sku18,4
Order982,Sku1,3
Order983,Sku13,4
Order984,Sku31,1
Order984,Sku42,3
Order985,Sku30,2
Order986,Sku27,3
Order986,Sku46,1
Order987,Sku46,1
Order987,Sku22,2
Order988,Sku44,2
Order988,Sku19,1
Order989,Sku24,2
Order990,Sku27,4
Order991,Sku47,3
Order991,Sku22,3
Order991,Sku43,3
Order992,Sku18,1
Order992,Sku49,3
Order993,Sku1,3
Order993,Sku44,3
Order993,Sku12,1
Order994,Sku41,1
Order994,Sku5,3
Order995,Sku40,3
Order995,Sku18,4
Order995,Sku38,1
Order996,Sku0,2
Order996,Sku33,3
Order997,Sku6,2
Order997,Sku7,1
Order998,Sku1,2
Order998,Sku11,3
Order998,Sku24,4
Order999,Sku24,2
Order999,Sku33,1
Order999,Sku19,1
